Date,Date,Open,High,Low,Close,Volume,Close-Open,Ema3,Ema6,Ema3-Ema6,Macd,Signal,Momentum,Rsi,Gradient
2021-03-19 00:00:00,2021-03-19 00:00:00,1496.34,1503.63,1496.34,1503.63,66.52905,7.290000000000191,1501.561809832388,1501.737660008863,-0.17585017647502355,0.7528903258794344,0.7961726684340379,-0.0432823425546035,55.50869602683702,147.00000000000273
2021-03-19 00:05:00,2021-03-19 00:05:00,1503.67,1504.32,1499.02,1499.39,82.62221,-4.279999999999973,1500.475904916194,1501.0669000063308,-0.5909950901368575,0.5167210011213683,0.7402823349715041,-0.22356133385013577,44.631704382449264,-201.50000000001
2021-03-19 00:10:00,2021-03-19 00:10:00,1498.99,1501.16,1497.27,1499.6,75.67718,0.6099999999999,1500.037952458097,1500.6477857188077,-0.6098332607107295,0.3425516327083642,0.6607361945188762,-0.318184561810512,45.269108661763305,92.999999999995
2021-03-19 00:15:00,2021-03-19 00:15:00,1499.73,1502.81,1499.59,1501.25,46.36497,1.5199999999999818,1500.6439762290483,1500.8198469420054,-0.17587071295702117,0.3338143596474765,0.5953518275445963,-0.26153746789711974,50.62806105151377,125.99999999999909
2021-03-19 00:20:00,2021-03-19 00:20:00,1501.34,1502.48,1500.05,1502.12,45.53195,0.7799999999999727,1501.3819881145241,1501.1913192442896,0.19066887023450363,0.3925664749456246,0.554794757024802,-0.1622282820791774,53.50836769713967,-71.50000000000318
2021-03-19 00:25:00,2021-03-19 00:25:00,1501.83,1502.51,1495.75,1499.82,94.04845,-2.009999999999991,1500.6009940572621,1500.799513745921,-0.19851968865896197,0.2506478590119059,0.4939653774222228,-0.2433175184103169,45.151872980423605,94.00000000000546
2021-03-19 00:30:00,2021-03-19 00:30:00,1499.84,1504.0,1498.59,1504.0,102.19738,4.160000000000082,1502.300497028631,1501.7139383899435,0.5865586386876203,0.4700489677927635,0.48918209549633096,-0.019133127703567454,59.086581774797494,161.00000000000136
2021-03-19 00:35:00,2021-03-19 00:35:00,1504.09,1506.8,1502.69,1503.04,53.37002,-1.0499999999999545,1502.6702485143155,1502.092813135674,0.5774353786414395,0.5600065434157386,0.5033469850802126,0.05665955833552605,55.220153962440456,-283.50000000000364
2021-03-19 00:40:00,2021-03-19 00:40:00,1503.04,1503.04,1498.01,1498.33,96.29772,-4.710000000000036,1500.5001242571577,1501.0177236683387,-0.5175994111809814,0.24837778877940764,0.4523531458200516,-0.20397535704064396,39.862714062469486,-168.9999999999941
2021-03-19 00:45:00,2021-03-19 00:45:00,1498.0,1499.81,1495.18,1499.66,114.33468,1.6600000000000819,1500.080062128579,1500.6298026202421,-0.5497404916632149,0.107490556072662,0.3833806278705737,-0.2758900717979117,45.041937035529514,-171.49999999999181
2021-03-19 00:50:00,2021-03-19 00:50:00,1499.68,1499.68,1493.79,1494.9,64.1572,-4.779999999999973,1497.4900310642895,1498.9927161573157,-1.5026850930262299,-0.38383124227129883,0.22993825384219918,-0.6137694961134981,32.88027800693436,-305.0000000000068
2021-03-19 00:55:00,2021-03-19 00:55:00,1494.84,1495.31,1493.49,1493.56,34.12305,-1.2799999999999727,1495.5250155321446,1497.4405115409397,-1.9154960087951167,-0.8712904148512735,0.00969252010350466,-0.8809829349547781,30.131871533287907,-158.0000000000041
2021-03-19 01:00:00,2021-03-19 01:00:00,1493.74,1494.56,1485.88,1491.74,194.19063,-2.0,1493.6325077660722,1495.8117939578142,-2.179286191741994,-1.388458821689028,-0.26993774825500183,-1.118521073434026,26.519015069608713,-447.00000000000273
2021-03-19 01:05:00,2021-03-19 01:05:00,1491.94,1492.12,1484.41,1484.62,159.81729,-7.320000000000164,1489.126253883036,1492.614138541296,-3.4878846582598726,-2.3458020598473013,-0.6851106105734618,-1.6606914492738394,16.9680622316651,-552.9999999999973
2021-03-19 01:10:00,2021-03-19 01:10:00,1484.89,1485.79,1480.19,1480.68,117.92681,-4.210000000000036,1484.9031269415182,1489.204384672354,-4.301257730835914,-3.383426510713889,-1.2247737906015472,-2.1586527201123418,13.693207901884193,-980.9999999999945
2021-03-19 01:15:00,2021-03-19 01:15:00,1481.11,1481.55,1464.2,1465.0,628.72386,-16.1099999999999,1474.951563470759,1482.2888461945386,-7.337282723779481,-5.408648784062734,-2.0615487892937847,-3.3470999947689495,7.1255603104415,-806.5000000000055
2021-03-19 01:20:00,2021-03-19 01:20:00,1465.45,1467.5,1460.72,1464.55,416.63625,-0.900000000000091,1469.7507817353794,1477.2206044246705,-7.46982268929105,-6.969621804104463,-3.0431633922559205,-3.9264584118485426,7.009774225118193,169.500000000005
2021-03-19 01:25:00,2021-03-19 01:25:00,1464.75,1470.61,1464.75,1468.39,162.68465,3.6400000000001,1469.0703908676896,1474.6975745890504,-5.62718372136078,-7.806855688136011,-3.995901851431939,-3.810953836704072,20.27545013783994,640.9999999999968
2021-03-19 01:30:00,2021-03-19 01:30:00,1468.38,1478.44,1464.99,1477.37,261.12772,8.989999999999782,1473.2201954338448,1475.4611247064645,-2.2409292726197236,-7.6574878686378725,-4.728219054873126,-2.9292688137647467,43.06732414707815,572.4999999999909
2021-03-19 01:35:00,2021-03-19 01:35:00,1477.46,1480.72,1475.39,1479.84,87.5149,2.3799999999998818,1476.5300977169222,1476.7122319331888,-0.1821342162666042,-7.256159943177636,-5.233807232534028,-2.0223527106436077,47.97630168464542,233.50000000000364
2021-03-19 01:40:00,2021-03-19 01:40:00,1479.82,1482.5,1479.82,1482.04,43.19237,2.2200000000000273,1479.285048858461,1478.2344513808494,1.0505974776117455,-6.683539375444752,-5.523753661116173,-1.1597857143285797,52.366173996934485,234.00000000000318
2021-03-19 01:45:00,2021-03-19 01:45:00,1482.05,1484.52,1479.51,1484.52,41.27218,2.4700000000000273,1481.9025244292307,1480.0303224148925,1.8722020143381997,-5.960904578782674,-5.6111838446494735,-0.34972073413320093,57.24633612387992,125.49999999999955
2021-03-19 01:50:00,2021-03-19 01:50:00,1484.34,1486.17,1483.91,1484.55,75.99763,0.21000000000003638,1483.2262622146154,1481.3216588677803,1.9046033468350743,-5.324414016397668,-5.553829878999112,0.22941586260144398,57.30982498541234,-149.50000000000045
2021-03-19 01:55:00,2021-03-19 01:55:00,1484.4,1484.8,1479.97,1481.53,127.40741,-2.8700000000001182,1482.3781311073076,1481.3811849055573,0.9969462017502337,-5.005973672461778,-5.444258637691646,0.43828496522986793,48.592889024730056,-77.49999999999773
2021-03-19 02:00:00,2021-03-19 02:00:00,1481.68,1483.0,1477.01,1483.0,77.49188,1.3199999999999363,1482.6890655536538,1481.8437035039697,0.8453620496841268,-4.582170284222002,-5.271840966997717,0.6896706827757146,52.787426554545725,219.500000000005
2021-03-19 02:05:00,2021-03-19 02:05:00,1483.0,1487.05,1483.0,1485.92,71.21099,2.9200000000000728,1484.3045327768268,1483.0083596456927,1.2961731311340827,-3.964977654869017,-5.010468304571978,1.0454906497029608,60.474855519313344,180.499999999995
2021-03-19 02:10:00,2021-03-19 02:10:00,1486.15,1487.0,1483.64,1486.61,44.87663,0.459999999999809,1485.4572663884132,1484.0373997469235,1.4198666414897616,-3.381194510448722,-4.684613545747327,1.3034190352986048,62.21923770936293,17.999999999994998
2021-03-19 02:15:00,2021-03-19 02:15:00,1486.89,1487.75,1484.85,1486.28,68.08364,-0.6100000000001273,1485.8686331942067,1484.678142676374,1.1904905178328136,-2.9116072091455862,-4.330012278426979,1.418405069281393,60.68223083065837,59.00000000000318
2021-03-19 02:20:00,2021-03-19 02:20:00,1486.29,1487.89,1485.79,1487.79,31.55302,1.5,1486.8293165971033,1485.5672447688385,1.2620718282648795,-2.3900603809552194,-3.9420218989326274,1.551961517977408,65.37838838395997,73.00000000000182
2021-03-19 02:25:00,2021-03-19 02:25:00,1487.9,1487.9,1485.27,1487.74,62.73271,-0.16000000000008185,1487.2846582985517,1486.1880319777417,1.0966263208099463,-1.9581925197694545,-3.545256023099993,1.5870635033305387,65.06956795888664,-22.00000000000273
2021-03-19 02:30:00,2021-03-19 02:30:00,1487.73,1488.13,1485.35,1487.35,85.04296,-0.38000000000010914,1487.3173291492758,1486.520022841244,0.7973063080316933,-1.6286300357087384,-3.1619308256217424,1.533300789913004,62.31447294670216,42.999999999995
2021-03-19 02:35:00,2021-03-19 02:35:00,1487.36,1489.44,1486.59,1488.6,40.24456,1.240000000000009,1487.9586645746379,1487.11430202946,0.8443625451777734,-1.2521508241434276,-2.7799748253260796,1.527824001182652,67.5920738970417,314.50000000000955
2021-03-19 02:40:00,2021-03-19 02:40:00,1488.99,1494.0,1488.04,1493.64,57.7672,4.650000000000091,1490.799332287319,1488.9787871639,1.820545123418924,-0.5408676717872822,-2.33215339461832,1.791285722831038,80.68179683823776,227.5000000000091
2021-03-19 02:45:00,2021-03-19 02:45:00,1494.0,1495.5,1492.02,1493.15,99.76394,-0.849999999999909,1491.9746661436595,1490.1705622599286,1.8041038837309316,-0.016519131658697006,-1.8690265420263956,1.8525074103676986,77.05098135719311,27.99999999999727
2021-03-19 02:50:00,2021-03-19 02:50:00,1493.31,1494.74,1492.19,1494.2,47.87567,0.8900000000001,1493.0873330718298,1491.3218301856632,1.765502886166587,0.47824418760615117,-1.3995723960998863,1.8778165837060374,79.43117634701649,112.5
2021-03-19 02:55:00,2021-03-19 02:55:00,1494.54,1496.58,1494.4,1495.4,53.06859,0.8600000000001273,1494.243666535915,1492.4870215611882,1.7566449747268962,0.9561556863168335,-0.9284267796165423,1.8845824659333759,81.99255459850013,-26.99999999999818
2021-03-19 03:00:00,2021-03-19 03:00:00,1495.79,1495.8,1493.23,1493.66,74.43708,-2.1299999999998818,1493.9518332679577,1492.8221582579915,1.1296750099661494,1.180887992300086,-0.5065638252332167,1.6874518175333026,67.39054914040923,-72.50000000000227
2021-03-19 03:05:00,2021-03-19 03:05:00,1493.24,1494.41,1492.64,1493.95,41.92226,0.7100000000000364,1493.950916633979,1493.1443987557084,0.8065178782705971,1.3666368019189576,-0.1319236998027819,1.4985605017217396,68.51208206919986,65.49999999999727
2021-03-19 03:10:00,2021-03-19 03:10:00,1494.25,1495.23,1493.62,1494.97,41.32129,0.7200000000000273,1494.4604583169894,1493.6659991112201,0.7944592057692716,1.5779598088636249,0.21005300193049944,1.3679068069331255,72.5035174654851,151.49999999999864
2021-03-19 03:15:00,2021-03-19 03:15:00,1494.9,1501.02,1494.9,1496.98,127.0295,2.0799999999999272,1495.7202291584947,1494.6128565080144,1.107372650480329,1.8858856996735085,0.5452195414791012,1.3406661581944073,78.844826098804,133.50000000000364
2021-03-19 03:20:00,2021-03-19 03:20:00,1497.05,1499.15,1496.45,1497.64,51.76659,0.5900000000001455,1496.6801145792474,1495.4777546485818,1.2023599306655797,2.158296175952728,0.8678348683738266,1.2904613075789013,80.60710082959584,79.99999999999545
2021-03-19 03:25:00,2021-03-19 03:25:00,1497.91,1500.54,1497.91,1498.58,26.37849,0.6699999999998454,1497.6300572896237,1496.3641104632725,1.2659468263511826,2.422112974451238,1.178690489589309,1.243422484861929,83.02399518817359,306.99999999999363
2021-03-19 03:30:00,2021-03-19 03:30:00,1498.58,1503.78,1498.58,1503.78,50.63393,5.2000000000000455,1500.7050286448118,1498.4829360451947,2.222092599617099,3.016019435104681,1.5461562786923837,1.4698631564122975,90.70987144840247,20.500000000004093
2021-03-19 03:35:00,2021-03-19 03:35:00,1503.65,1503.65,1498.49,1498.99,69.56697,-4.660000000000082,1499.847514322406,1498.6278114608535,1.2197028615523777,3.064851910715106,1.8498954050969283,1.2149565056181777,60.454617986027095,-292.999999999995
2021-03-19 03:40:00,2021-03-19 03:40:00,1499.07,1499.46,1496.69,1497.92,37.11248,-1.1499999999998636,1498.883757161203,1498.4255796148952,0.458177546307752,2.9828277601452555,2.0764818761065937,0.9063458840386618,55.493098209325716,-97.50000000000227
2021-03-19 03:45:00,2021-03-19 03:45:00,1498.1,1498.61,1495.58,1497.04,72.98861,-1.0599999999999454,1497.9618785806015,1498.0296997249252,-0.067821144323716,2.8143720551670413,2.2240599119186832,0.590312143248358,51.33513985077826,-270.5000000000041
2021-03-19 03:50:00,2021-03-19 03:50:00,1497.34,1497.34,1491.61,1492.51,107.00843,-4.829999999999927,1495.2359392903008,1496.4526426606608,-1.2167033703599373,2.288950952347477,2.237038120004442,0.05191283234303512,35.09261165019835,-164.49999999999818
2021-03-19 03:55:00,2021-03-19 03:55:00,1491.91,1495.25,1491.76,1493.75,48.48792,1.8399999999999181,1494.4929696451504,1495.6804590433292,-1.1874893981787409,1.9501287099410547,2.1796562379917646,-0.22952752805070986,41.20338190438966,134.50000000000273
2021-03-19 04:00:00,2021-03-19 04:00:00,1493.7,1496.25,1493.68,1495.2,33.68493,1.5,1494.8464848225753,1495.5431850309494,-0.6967002083740681,1.7781155147799836,2.0993480933494086,-0.321232578569425,48.064483345633086,87.5
2021-03-19 04:05:00,2021-03-19 04:05:00,1494.15,1496.1,1491.13,1495.5,50.09837,1.349999999999909,1495.1732424112877,1495.5308464506782,-0.35760403939048047,1.6470155411946052,2.0088815829184483,-0.36186604172384307,49.52678496662368,177.99999999999727
2021-03-19 04:10:00,2021-03-19 04:10:00,1495.4,1499.08,1494.35,1498.76,36.90984,3.3599999999999,1496.9666212056438,1496.4534617504844,0.513159455159439,1.7855894588562933,1.9642231581060174,-0.17863369924972416,63.08158565812942,-25.0
2021-03-19 04:15:00,2021-03-19 04:15:00,1498.86,1498.86,1494.97,1495.0,69.32455,-3.8599999999999,1495.9833106028218,1496.0381869646317,-0.05487636180987465,1.5738671498008898,1.886151956444992,-0.3122848066441022,45.988143243107686,-257.000000000005
2021-03-19 04:20:00,2021-03-19 04:20:00,1495.07,1496.19,1493.34,1493.62,47.80266,-1.4500000000000455,1494.8016553014108,1495.3472764033081,-0.5456211018972681,1.2799665697737055,1.764914879110735,-0.4849483093370295,41.08491800422976,12.000000000000455
2021-03-19 04:25:00,2021-03-19 04:25:00,1494.08,1497.49,1494.08,1495.24,53.32784,1.1600000000000819,1495.0208276507055,1495.316626002363,-0.2957983516573677,1.164346838188294,1.6448012709262467,-0.48045443273795274,48.77814343082427,20.000000000004547
2021-03-19 04:30:00,2021-03-19 04:30:00,1495.43,1495.62,1493.63,1494.02,72.69343,-1.4100000000000819,1494.5204138253528,1494.9461614302593,-0.425747604906519,0.963170731240325,1.5084751629890625,-0.5453044317487374,43.62954820321165,26.99999999999818
2021-03-19 04:35:00,2021-03-19 04:35:00,1494.09,1496.34,1493.78,1495.78,25.0003,1.6900000000000546,1495.1502069126764,1495.1844010216137,-0.03419410893729946,0.9349766790019203,1.393775466191634,-0.4587987871897137,52.33848959175169,104.49999999999591
2021-03-19 04:40:00,2021-03-19 04:40:00,1495.77,1497.61,1495.73,1496.11,66.15876,0.33999999999991815,1495.630103456338,1495.4488578725814,0.1812455837566631,0.9285571032710322,1.3007317936075138,-0.37217469033648154,53.939609957066786,188.4999999999991
2021-03-19 04:45:00,2021-03-19 04:45:00,1496.68,1499.83,1496.13,1499.55,50.85946,2.869999999999891,1497.5900517281689,1496.6206127661294,0.9694389620394759,1.187361628230974,1.2780577605322059,-0.09069613230123186,67.56824539383788,24.500000000000455
2021-03-19 04:50:00,2021-03-19 04:50:00,1499.8,1499.87,1496.2,1496.6,30.33322,-3.2000000000000455,1497.0950258640844,1496.614723404378,0.4803024597063086,1.1412698842168538,1.2507001852691357,-0.10943030105228191,51.796771719528024,-115.99999999999682
2021-03-19 04:55:00,2021-03-19 04:55:00,1495.9,1497.66,1495.9,1497.23,14.64814,1.3299999999999272,1497.1625129320423,1496.7905167174129,0.371996214629462,1.1424086046135926,1.2290418691380272,-0.08663326452443454,54.51743244171842,89.50000000000955
2021-03-19 05:00:00,2021-03-19 05:00:00,1497.55,1498.39,1495.83,1498.39,51.22224,0.8400000000001455,1497.776256466021,1497.2475119410092,0.5287445250119163,1.2228174755271084,1.2277969904158434,-0.004979514888735048,59.5605819658955,-195.00000000000455
2021-03-19 05:05:00,2021-03-19 05:05:00,1498.58,1498.58,1492.47,1493.33,102.34989,-5.25,1495.5531282330105,1496.1282228150067,-0.5750945819961544,0.8682339131312347,1.1558843749589218,-0.28765046182768716,37.686926545584534,-84.00000000000318
2021-03-19 05:10:00,2021-03-19 05:10:00,1493.33,1497.49,1493.33,1496.71,54.87256,3.380000000000109,1496.1315641165052,1496.294444867862,-0.16288075135685176,0.8501615048367057,1.0947398009344786,-0.24457829609777293,51.85878762389406,251.99999999999818
2021-03-19 05:15:00,2021-03-19 05:15:00,1496.66,1498.37,1496.38,1498.37,26.50684,1.709999999999809,1497.2507820582525,1496.8874606199013,0.3633214383512495,0.9587354128129846,1.06753892331018,-0.10880351049719539,57.54876658978821,46.50000000000318
2021-03-19 05:20:00,2021-03-19 05:20:00,1498.46,1498.46,1496.48,1497.64,62.23226,-0.8199999999999363,1497.4453910291263,1497.1024718713581,0.34291915776816495,0.9746410625061799,1.04895935114938,-0.07431828864320011,54.170071031330544,70.00000000000455
2021-03-19 05:25:00,2021-03-19 05:25:00,1497.59,1501.49,1497.59,1499.77,131.93826,2.1800000000000637,1498.6076955145631,1497.8646227652557,0.7430727493074301,1.1459102631201858,1.0683495335435411,0.07756072957664473,61.98471625906896,253.99999999999636
2021-03-19 05:30:00,2021-03-19 05:30:00,1499.91,1502.88,1499.76,1502.72,37.79789,2.8099999999999454,1500.6638477572815,1499.2518734037542,1.4119743535272846,1.502364363166862,1.1551524994682052,0.34721186369865675,70.37899717040246,262.99999999999955
2021-03-19 05:35:00,2021-03-19 05:35:00,1502.87,1506.62,1501.67,1505.03,93.10495,2.160000000000082,1502.8469238786406,1500.902766716967,1.9441571616735018,1.948790061344198,1.3138800118434038,0.6349100495007942,75.46893886026706,-51.99999999999818
2021-03-19 05:40:00,2021-03-19 05:40:00,1505.3,1505.3,1499.91,1501.68,97.39977,-3.619999999999891,1502.2634619393202,1501.1248333692624,1.13862857005779,2.0091088840033535,1.4529257862753937,0.5561830977279598,58.09599806070782,-236.5000000000009
2021-03-19 05:45:00,2021-03-19 05:45:00,1502.26,1502.98,1500.3,1500.3,31.64974,-1.9600000000000364,1501.2817309696602,1500.8891666923303,0.3925642773299387,1.9233859230209873,1.5470178136245125,0.3763681093964748,52.16043619285686,-78.50000000000819
2021-03-19 05:50:00,2021-03-19 05:50:00,1500.65,1502.15,1499.16,1500.11,63.01321,-0.540000000000191,1500.69586548483,1500.6665476373787,0.029317847451238777,1.8191484359492733,1.601443938089465,0.2177044978598084,51.294585704774924,-39.49999999999818
2021-03-19 05:55:00,2021-03-19 05:55:00,1500.14,1503.28,1499.22,1499.51,42.11343,-0.6300000000001091,1500.1029327424149,1500.3361054552706,-0.2331727128557759,1.6688866049278204,1.6149324714571363,0.05395413347068412,48.25889210834755,137.00000000000045
2021-03-19 06:00:00,2021-03-19 06:00:00,1499.31,1504.88,1499.3,1502.85,53.91314,3.5399999999999636,1501.4764663712074,1501.0543610394789,0.42210533172851683,1.7985801948118478,1.6516620161280788,0.146918178683769,62.9184470219928,144.500000000005
2021-03-19 06:05:00,2021-03-19 06:05:00,1502.5,1503.87,1500.61,1502.4,30.80136,-0.09999999999990905,1501.9382331856036,1501.4388293139136,0.49940387168999223,1.843797905464271,1.6900891939953175,0.15370871146895349,60.16257667304381,-17.499999999995453
2021-03-19 06:10:00,2021-03-19 06:10:00,1501.92,1503.44,1499.92,1502.5,34.15758,0.5799999999999272,1502.2191165928018,1501.7420209385098,0.47709565429204304,1.8661901527791542,1.7253093857520851,0.1408807670270691,60.62251279476464,-9.500000000002728
2021-03-19 06:15:00,2021-03-19 06:15:00,1502.63,1503.85,1501.16,1502.21,32.92481,-0.42000000000007276,1502.2145582964008,1501.8757292417927,0.3388290546081407,1.839332908905817,1.7481140903828316,0.09121881852298541,58.280917160280325,116.49999999999636
2021-03-19 06:20:00,2021-03-19 06:20:00,1501.75,1507.22,1501.36,1504.83,161.88828,3.0799999999999272,1503.5222791482004,1502.7198066012804,0.8024725469199439,2.006332698932056,1.7997578120926767,0.20657488683937908,70.59463264380463,-88.49999999999909
2021-03-19 06:25:00,2021-03-19 06:25:00,1504.7,1505.72,1499.36,1500.44,123.09245,-4.259999999999991,1501.9811395741003,1502.0684332866288,-0.08729371252843521,1.7641093697625365,1.7926281236266488,-0.02851875386411229,44.302452241269,-161.5000000000009
2021-03-19 06:30:00,2021-03-19 06:30:00,1500.14,1502.91,1499.31,1501.6,56.58108,1.459999999999809,1501.7905697870501,1501.9345952047347,-0.14402541768458832,1.6467650592192058,1.7634555107451604,-0.11669045152595459,50.18529449535402,199.0000000000009
2021-03-19 06:35:00,2021-03-19 06:35:00,1501.61,1504.81,1501.29,1504.42,49.91844,2.810000000000173,1503.105284893525,1502.6447108605248,0.46057403300028454,1.761019345155546,1.7629682776272375,-0.001948932471691478,61.918930893671885,150.9999999999991
2021-03-19 06:40:00,2021-03-19 06:40:00,1504.27,1505.44,1502.97,1504.62,29.53869,0.34999999999990905,1503.8626424467625,1503.2090791860892,0.6535632606733088,1.8464206307735367,1.7796587482564974,0.0667618825170393,62.667318146594845,362.5
2021-03-19 06:45:00,2021-03-19 06:45:00,1504.85,1513.0,1504.69,1511.67,135.86681,6.820000000000164,1507.7663212233813,1505.6264851329208,2.1398360904604488,2.4546818017761325,1.9146633589604245,0.540018442815708,79.61410568979737,608.0000000000041
2021-03-19 06:50:00,2021-03-19 06:50:00,1512.1,1518.65,1511.41,1516.78,213.88765,4.680000000000064,1512.2731606116906,1508.813203666372,3.4599569453187087,3.3109014451338226,2.193910976195104,1.1169904689387185,85.38468490949246,213.99999999999864
2021-03-19 06:55:00,2021-03-19 06:55:00,1516.67,1516.94,1513.31,1515.95,87.2602,-0.7200000000000273,1514.1115803058453,1510.8522883331227,3.2592919727226217,3.8777869042301063,2.530686161802105,1.3471007424280015,80.92006686267956,-15.999999999996817
2021-03-19 07:00:00,2021-03-19 07:00:00,1516.3,1520.74,1515.81,1516.46,224.84133,0.16000000000008185,1515.2857901529228,1512.4544916665163,2.8312984864064674,4.318420390368374,2.8882330075153586,1.4301873828530152,81.62837971272137,-202.99999999999727
2021-03-19 07:05:00,2021-03-19 07:05:00,1517.16,1517.6,1511.14,1511.89,183.73394,-5.269999999999982,1513.5878950764613,1512.2932083332262,1.294686743235161,4.249874883606708,3.1605613827336287,1.0893135008730792,58.33989677159472,-252.99999999999727
2021-03-19 07:10:00,2021-03-19 07:10:00,1511.94,1513.9,1511.39,1511.4,104.99168,-0.5399999999999636,1512.4939475382307,1512.0380059523045,0.4559415859262117,4.108651197299423,3.3501793456467874,0.7584718516526356,56.27418207184766,-102.5000000000091
2021-03-19 07:15:00,2021-03-19 07:15:00,1511.4,1512.1,1509.19,1509.84,176.58716,-1.5600000000001728,1511.1669737691154,1511.4100042516461,-0.24303048253068482,3.826739178713069,3.445491312260044,0.381247866453025,49.56880918832297,-28.500000000008185
2021-03-19 07:20:00,2021-03-19 07:20:00,1509.84,1511.37,1509.28,1510.83,67.78327,0.9900000000000091,1510.9984868845577,1511.2442887511756,-0.24580186661796688,3.6412327347641167,3.484639596760859,0.1565931380032577,53.764302192853926,138.99999999999864
2021-03-19 07:25:00,2021-03-19 07:25:00,1511.36,1515.0,1511.36,1512.62,109.42629,1.259999999999991,1511.8092434422788,1511.6373491079826,0.17189433429621204,3.5971894213025735,3.507149561669202,0.09003985963337158,60.833879064772134,95.50000000000409
2021-03-19 07:30:00,2021-03-19 07:30:00,1512.58,1515.14,1512.58,1512.74,73.2311,0.16000000000008185,1512.2746217211393,1511.9523922199876,0.32222950115169624,3.5312615897150863,3.511971967278379,0.019289622436707177,61.30979094050291,-102.99999999999727
2021-03-19 07:35:00,2021-03-19 07:35:00,1512.66,1513.84,1510.0,1510.56,58.89349,-2.1000000000001364,1511.4173108605696,1511.5545658714198,-0.13725501085014002,3.2654632989876973,3.4626702336202433,-0.19720693463254602,48.47029117127022,-159.50000000000273
2021-03-19 07:40:00,2021-03-19 07:40:00,1510.36,1510.51,1508.84,1509.55,51.99409,-0.8099999999999454,1510.4836554302847,1510.9818327652997,-0.49817733501504335,2.9394337173750955,3.358022930371214,-0.4185892129961184,43.415437619668204,-3.4999999999968168
2021-03-19 07:45:00,2021-03-19 07:45:00,1509.74,1511.45,1509.74,1510.49,45.88355,0.75,1510.4868277151422,1510.8413091180712,-0.35448140292896824,2.7254853703298068,3.2315154183629327,-0.5060300480331259,49.31841188829662,112.00000000000045
2021-03-19 07:50:00,2021-03-19 07:50:00,1510.17,1513.0,1510.17,1511.79,82.0366,1.6199999999998909,1511.138413857571,1511.112363655765,0.026050201806128825,2.6305060628687897,3.1113135472641043,-0.4808074843953145,56.79793897750269,95.00000000000455
2021-03-19 07:55:00,2021-03-19 07:55:00,1511.73,1513.87,1510.83,1512.39,120.99502,0.6600000000000819,1511.7642069287856,1511.4774026112607,0.2868043175249113,2.573978046335469,3.0038464470783777,-0.42986840074290855,60.062285653064876,60.50000000000182
2021-03-19 08:00:00,2021-03-19 08:00:00,1512.4,1514.95,1512.4,1513.0,51.9678,0.599999999999909,1512.382103464393,1511.9124304366148,0.46967302777807163,2.549017599805211,2.912880677623744,-0.3638630778185332,63.4331351767136,-7.000000000005002
2021-03-19 08:05:00,2021-03-19 08:05:00,1513.39,1513.98,1512.25,1512.25,23.38389,-1.1400000000001,1512.3160517321965,1512.0088788832963,0.3071728489001089,2.440584000959234,2.818421342290842,-0.3778373413316083,56.40864943032669,-266.49999999999636
2021-03-19 08:10:00,2021-03-19 08:10:00,1512.06,1513.01,1506.68,1507.67,155.18362,-4.389999999999873,1509.9930258660984,1510.7691992023547,-0.7761733362563064,1.9624598537043312,2.64722904457354,-0.6847691908692086,31.139344840794948,-66.99999999999591
2021-03-19 08:15:00,2021-03-19 08:15:00,1507.83,1511.65,1507.83,1510.91,118.93055,3.0800000000001546,1510.4515129330493,1510.8094280016821,-0.3579150686327921,1.8239584864393237,2.4825749329466964,-0.6586164465073727,50.11125140563145,194.99999999999318
2021-03-19 08:20:00,2021-03-19 08:20:00,1510.92,1512.3,1510.77,1511.57,59.91547,0.6499999999998636,1511.0107564665245,1511.0267342869158,-0.015977820391299247,1.7473097401611994,2.335521894389597,-0.5882121542283976,53.2591219561921,130.99999999999454
2021-03-19 08:25:00,2021-03-19 08:25:00,1511.5,1513.8,1511.5,1513.53,36.77762,2.0299999999999727,1512.2703782332624,1511.7419530620828,0.528425171179606,1.823698218260688,2.2331571591638153,-0.4094589409031273,61.839746306735535,9.000000000003183
2021-03-19 08:30:00,2021-03-19 08:30:00,1513.66,1514.96,1511.06,1511.75,69.69442,-1.9100000000000819,1512.0101891166312,1511.744252187202,0.26593692942924463,1.7207695533156766,2.130679637994188,-0.4099100846785113,51.530408206093426,-104.49999999999591
2021-03-19 08:35:00,2021-03-19 08:35:00,1511.58,1513.17,1509.44,1511.44,120.22697,-0.13999999999987267,1511.7250945583155,1511.6573229908586,0.06777156745692992,1.5957881827368965,2.0237013469427296,-0.42791316420583314,49.79550147698127,-70.00000000000455
2021-03-19 08:40:00,2021-03-19 08:40:00,1511.47,1512.46,1509.91,1510.35,62.82836,-1.1200000000001182,1511.0375472791577,1511.2838021363277,-0.24625485717001538,1.3927311182351332,1.8975073012012105,-0.5047761829660773,43.60164080744195,-94.00000000000546
2021-03-19 08:45:00,2021-03-19 08:45:00,1510.66,1512.38,1509.11,1509.56,70.52796,-1.1000000000001364,1510.298773639579,1510.791287240234,-0.49251360065500194,1.1547493028194822,1.748955701524865,-0.5942063987053827,39.34521486011396,-42.999999999995
2021-03-19 08:50:00,2021-03-19 08:50:00,1509.5,1511.06,1509.21,1509.49,57.55032,-0.009999999999990905,1509.8943868197894,1510.4194908858813,-0.5251040660918989,0.9495527317349115,1.5890751075668743,-0.6395223758319628,38.941009885514454,-106.49999999999409
2021-03-19 08:55:00,2021-03-19 08:55:00,1509.69,1509.97,1505.51,1507.43,187.26883,-2.259999999999991,1508.6621934098948,1509.5653506327722,-0.9031572228773257,0.6136345893555699,1.3939870039246134,-0.7803524145690435,28.574390828530795,-361.00000000000136
2021-03-19 09:00:00,2021-03-19 09:00:00,1507.9,1510.54,1502.23,1502.27,139.64726,-5.630000000000109,1505.4660967049474,1507.4809647376944,-2.0148680327470174,-0.06816605882613658,1.1015563913744635,-1.1697224502006,15.872977362308546,298.0000000000018
2021-03-19 09:05:00,2021-03-19 09:05:00,1502.28,1513.54,1500.26,1513.39,171.13679,11.110000000000127,1509.4280483524738,1509.1692605269245,0.2587878255492342,0.2855019924145381,0.9383455115824785,-0.6528435191679404,60.86216748711628,950.0
2021-03-19 09:10:00,2021-03-19 09:10:00,1513.52,1525.0,1513.52,1521.27,352.29057,7.75,1515.349024176237,1512.626614662089,2.722409514148012,1.1879427505953117,0.9882649593850451,0.19967779121026663,73.09657427826521,150.49999999999955
2021-03-19 09:15:00,2021-03-19 09:15:00,1521.25,1521.92,1512.67,1516.4,119.23376,-4.849999999999909,1515.8745120881185,1513.7047247586352,2.16978732948337,1.492955393037846,1.0892030461156053,0.4037523469222408,59.33981021401175,-330.99999999999454
2021-03-19 09:20:00,2021-03-19 09:20:00,1516.59,1518.18,1514.06,1514.65,68.38314,-1.9399999999998272,1515.2622560440593,1513.974803399025,1.2874526450343637,1.5753105357716777,1.1864245440468197,0.38888599172485794,54.88562556286168,4.9999999999954525
2021-03-19 09:25:00,2021-03-19 09:25:00,1514.49,1516.76,1512.92,1516.5,79.10306,2.009999999999991,1515.8811280220298,1514.6962881421607,1.1848398798690596,1.769459886508912,1.3030316125392383,0.4664282739696737,58.808006751861924,66.99999999999591
2021-03-19 09:30:00,2021-03-19 09:30:00,1516.55,1519.13,1513.58,1515.99,184.52169,-0.5599999999999454,1515.9355640110148,1515.0659201015433,0.869643909471506,1.8607226554736371,1.414569821126118,0.4461528343475192,57.16387648777237,-22.00000000000273
2021-03-19 09:35:00,2021-03-19 09:35:00,1515.99,1516.56,1514.64,1516.06,85.98982,0.06999999999993634,1515.9977820055074,1515.349942929674,0.6478390758334172,1.916604053887795,1.5149766676784533,0.4016273862093418,57.36022327342311,9.000000000003183
2021-03-19 09:40:00,2021-03-19 09:40:00,1516.37,1518.04,1516.08,1516.17,51.99205,-0.1999999999998181,1516.0838910027537,1515.584244949767,0.49964605298669085,1.9473190634273578,1.6014451468282345,0.34587391659912337,57.72562176799475,6.000000000005912
2021-03-19 09:45:00,2021-03-19 09:45:00,1516.14,1519.92,1515.1,1516.18,71.35623,0.03999999999996362,1516.1319455013768,1515.754460678405,0.3774848229718373,1.9499895801498042,1.6711540334925485,0.27883554665725563,57.76510491968282,120.99999999999227
2021-03-19 09:50:00,2021-03-19 09:50:00,1516.23,1519.24,1516.23,1518.59,75.95346,2.3599999999999,1517.3609727506882,1516.5646147702892,0.7963579803990797,2.122110474104602,1.7613453216149595,0.36076515248964247,66.7469304197558,216.49999999999636
2021-03-19 09:55:00,2021-03-19 09:55:00,1518.44,1522.44,1518.42,1520.51,193.21279,2.0699999999999363,1518.9354863753442,1517.6918676930636,1.2436186822806121,2.3859418243644086,1.8862646221648496,0.499677202199559,72.36533307119429,503.5000000000082
2021-03-19 10:00:00,2021-03-19 10:00:00,1520.88,1528.66,1520.88,1528.66,280.92756,7.779999999999973,1523.797743187672,1520.8256197807598,2.97212340691226,3.2155995281364085,2.1521316033591615,1.063467924777247,85.1477186357148,114.49999999999818
2021-03-19 10:05:00,2021-03-19 10:05:00,1528.51,1528.6,1522.2,1522.8,227.08019,-5.710000000000036,1523.2988715938359,1521.3897284148284,1.9091431790075148,3.3615068512838207,2.3940066529440935,0.9675001983397271,60.85903437057052,-155.50000000000637
2021-03-19 10:10:00,2021-03-19 10:10:00,1522.74,1529.9,1522.74,1525.55,294.4355,2.8099999999999454,1524.4244357969178,1522.578377439163,1.8460583577548277,3.6568871545898674,2.6465827532732487,1.0103044013166187,66.27632560949687,52.499999999997726
2021-03-19 10:15:00,2021-03-19 10:15:00,1525.17,1527.97,1522.01,1523.85,200.20399,-1.3200000000001637,1524.1372178984589,1522.9416981708305,1.1955197276283798,3.7110240058457293,2.859471003787745,0.8515530020579845,60.105254348807335,-146.50000000000318
2021-03-19 10:20:00,2021-03-19 10:20:00,1523.84,1524.92,1520.78,1522.62,118.18873,-1.2200000000000273,1523.3786089492294,1522.849784407736,0.5288245414933499,3.6130283878171667,3.0101824805936297,0.602845907223537,55.60963416210272,-130.99999999999454
2021-03-19 10:25:00,2021-03-19 10:25:00,1522.55,1523.48,1520.75,1521.23,41.60841,-1.3199999999999363,1522.3043044746146,1522.3869888626687,-0.08268438805407641,3.38419389064029,3.084984762602962,0.29920912803732813,50.48855970860489,-4.9999999999954525
2021-03-19 10:30:00,2021-03-19 10:30:00,1521.35,1524.56,1521.35,1522.52,104.70563,1.1700000000000728,1522.4121522373073,1522.4249920447633,-0.01283980745597546,3.269247274440204,3.1218372649704107,0.1474100094697932,55.09400407719933,8.500000000003638
2021-03-19 10:35:00,2021-03-19 10:35:00,1522.37,1523.67,1520.69,1521.4,72.09435,-0.9699999999997999,1521.9060761186538,1522.1321371748309,-0.22606105617705907,3.0525882757142426,3.107987467119177,-0.055399191404934545,50.22647823042488,-129.4999999999959
2021-03-19 10:40:00,2021-03-19 10:40:00,1521.18,1521.88,1518.37,1519.93,58.27898,-1.25,1520.918038059327,1521.5029551248792,-0.5849170655521903,2.730788908897921,3.0325477554749263,-0.30175884657700536,44.09117341072564,-168.00000000000637
2021-03-19 10:45:00,2021-03-19 10:45:00,1520.0,1520.87,1515.47,1518.04,225.31155,-1.9600000000000364,1519.4790190296635,1520.5135393749138,-1.0345203452502574,2.296777565564298,2.885393717492801,-0.5886161519285027,37.09928250870975,-96.50000000000318
2021-03-19 10:50:00,2021-03-19 10:50:00,1518.04,1519.85,1516.25,1518.0,113.15802,-0.03999999999996362,1518.7395095148318,1519.7953852677956,-1.055875752963857,1.9273752018066261,2.693790014355566,-0.7664148125489398,36.950468993874445,-0.9999999999990905
2021-03-19 10:55:00,2021-03-19 10:55:00,1518.04,1518.99,1517.6,1518.02,46.23905,-0.01999999999998181,1518.3797547574159,1519.2881323341398,-0.9083775767239786,1.6175884472750113,2.478549700939455,-0.8609612536644438,37.101848121847105,50.0
2021-03-19 11:00:00,2021-03-19 11:00:00,1518.11,1521.71,1517.41,1519.0,128.35685,0.8900000000001,1518.689877378708,1519.2058088100998,-0.5159314313918912,1.4346206088553117,2.2697638825226267,-0.835143273667315,44.88304935478924,193.00000000000637
2021-03-19 11:05:00,2021-03-19 11:05:00,1519.07,1522.84,1518.49,1521.88,51.50179,2.810000000000173,1520.284938689354,1519.9698634357856,0.315075253568466,1.504664375235052,2.116743981065112,-0.6120796058300599,61.62496648655619,115.99999999999682
2021-03-19 11:10:00,2021-03-19 11:10:00,1521.84,1522.76,1518.94,1521.32,68.36473,-0.5199999999999818,1520.8024693446769,1520.3556167398467,0.44685260483015554,1.4977224329370529,1.9929396714395002,-0.49521723850244737,57.54633506081513,102.99999999999727
2021-03-19 11:15:00,2021-03-19 11:15:00,1521.0,1523.94,1520.28,1523.94,65.95896,2.9400000000000546,1522.3712346723385,1521.3797262427477,0.9915084295907945,1.6842183763453704,1.9311954124206743,-0.24697703607530386,69.04761924523504,-6.499999999994088
2021-03-19 11:20:00,2021-03-19 11:20:00,1523.87,1524.11,1521.11,1521.19,71.1903,-2.6799999999998363,1521.7806173361691,1521.3255187448199,0.45509859134926955,1.5917668405386394,1.8633096980442674,-0.271542857505628,51.48092215164338,-110.50000000000182
2021-03-19 11:25:00,2021-03-19 11:25:00,1521.16,1522.0,1520.2,1521.73,118.13794,0.5699999999999363,1521.7553086680846,1521.4410848177286,0.3142238503560293,1.5442704311114994,1.799501844657714,-0.2552314135462146,54.22509323956952,113.99999999999864
2021-03-19 11:30:00,2021-03-19 11:30:00,1521.98,1524.39,1521.98,1523.47,76.12435,1.490000000000009,1522.6126543340424,1522.0207748698062,0.5918794642361718,1.6282630398952733,1.765254083705226,-0.13699104380995264,62.439353200288814,21.500000000003183
2021-03-19 11:35:00,2021-03-19 11:35:00,1523.28,1523.29,1520.15,1522.16,46.61159,-1.1199999999998909,1522.3863271670211,1522.0605534784331,0.3257736885880149,1.5710120862081567,1.7264056842058122,-0.1553935979976555,53.72870211587827,12.000000000000455
2021-03-19 11:40:00,2021-03-19 11:40:00,1522.16,1524.9,1522.16,1523.71,59.77309,1.5499999999999545,1523.0481635835106,1522.5318239131666,0.5163396703439957,1.6319008024224786,1.7075047078491457,-0.07560390542666706,61.378691824308106,33.999999999991815
2021-03-19 11:45:00,2021-03-19 11:45:00,1523.53,1526.6,1522.4,1522.84,125.80749,-0.6900000000000546,1522.9440817917553,1522.6198742236902,0.3242075680650487,1.5916067675202612,1.6843251197833689,-0.09271835226310765,55.22859484870001,96.00000000000364
2021-03-19 11:50:00,2021-03-19 11:50:00,1523.13,1526.08,1521.73,1525.63,106.01034,2.5,1524.2870408958777,1523.4799101597787,0.8071307360989977,1.7644635006593035,1.7003527959585558,0.06411070470074764,67.68793921831193,207.50000000000455
2021-03-19 11:55:00,2021-03-19 11:55:00,1525.67,1528.93,1525.17,1526.99,107.61858,1.3199999999999363,1525.6385204479388,1524.4827929712706,1.1557274766682895,1.988274747413243,1.7579371862494935,0.23033756116374948,72.21145602014309,139.49999999999818
2021-03-19 12:00:00,2021-03-19 12:00:00,1526.91,1532.59,1526.83,1528.42,255.64968,1.509999999999991,1527.0292602239695,1525.6077092651933,1.4215509587761517,2.2550411117083513,1.8573579713412651,0.3976831403670862,76.38314554554805,-44.00000000000546
2021-03-19 12:05:00,2021-03-19 12:05:00,1528.09,1529.3,1525.6,1526.11,69.64861,-1.9800000000000182,1526.5696301119847,1525.7512209037095,0.8184092082751704,2.254074119498682,1.9367012009727487,0.3173729185259335,59.16555675964497,-7.5000000000045475
2021-03-19 12:10:00,2021-03-19 12:10:00,1526.05,1530.49,1526.05,1528.27,103.59862,2.2200000000000273,1527.4198150559923,1526.4708720740782,0.9489429819141151,2.399936742473983,2.029348309272996,0.3705884332009872,67.40880069069112,249.0000000000009
2021-03-19 12:15:00,2021-03-19 12:15:00,1527.93,1534.29,1527.86,1531.09,118.08516,3.1599999999998545,1529.2549075279962,1527.7906229100558,1.4642846179403932,2.711824133779828,2.165843474174362,0.5459806596054659,75.23959559850798,-231.4999999999941
2021-03-19 12:20:00,2021-03-19 12:20:00,1531.1,1531.11,1523.48,1523.64,232.95271,-7.459999999999809,1526.447453763998,1526.60473065004,-0.15727688604192736,2.3309743790048287,2.198869655140456,0.13210472386437289,42.70809408762877,-158.99999999999181
2021-03-19 12:25:00,2021-03-19 12:25:00,1523.5,1528.4,1522.35,1527.91,144.59014,4.410000000000082,1527.178726881999,1526.9776647500285,0.20106213197050238,2.3466507890357207,2.228425881919509,0.11822490711621159,55.84027518007607,155.99999999999454
2021-03-19 12:30:00,2021-03-19 12:30:00,1528.0,1530.22,1526.35,1526.76,145.54361,-1.240000000000009,1526.9693634409996,1526.915474821449,0.05388861955066204,2.2404525257943533,2.230831210694478,0.009621315099875183,51.98898581997607,-60.000000000002274
2021-03-19 12:35:00,2021-03-19 12:35:00,1526.92,1528.75,1524.99,1526.71,107.99922,-0.21000000000003638,1526.8396817204998,1526.8567677296064,-0.01708600910660607,2.1277279317930606,2.2102105549141946,-0.08248262312113397,51.80257831822918,21.000000000003638
2021-03-19 12:40:00,2021-03-19 12:40:00,1526.69,1528.67,1525.26,1527.18,61.19379,0.4900000000000091,1527.0098408602498,1526.9491198068617,0.06072105338807887,2.0526562079255655,2.178699685516469,-0.1260434775909034,53.67613123062893,-58.50000000000364
2021-03-19 12:45:00,2021-03-19 12:45:00,1527.15,1528.1,1524.08,1525.54,63.72995,-1.6100000000001273,1526.274920430125,1526.5465141477584,-0.2715937176335501,1.8396210258874817,2.1108839535906716,-0.27126292770318994,46.162368508940695,115.99999999999682
2021-03-19 12:50:00,2021-03-19 12:50:00,1525.53,1529.71,1525.52,1529.5,115.05991,3.9700000000000273,1527.8874602150624,1527.390367248399,0.4970929666635584,1.9676462134546,2.0822364055634575,-0.11459019210885746,61.69803550284574,305.50000000000637
2021-03-19 12:55:00,2021-03-19 12:55:00,1529.28,1532.0,1528.79,1531.65,74.08424,2.3700000000001182,1529.7687301075312,1528.6074051774278,1.1613249301033193,2.217037500426386,2.109196624536043,0.10784087589034286,67.75941401234805,335.0000000000023
2021-03-19 13:00:00,2021-03-19 13:00:00,1531.83,1537.54,1531.83,1536.2,387.81519,4.370000000000118,1532.9843650537655,1530.776717983877,2.2076470698884805,2.7501271127214295,2.2373827221731206,0.5127443905483089,77.0020168236376,193.49999999999454
2021-03-19 13:05:00,2021-03-19 13:05:00,1536.24,1538.34,1534.94,1535.52,138.73912,-0.7200000000000273,1534.2521825268827,1532.131941417055,2.1202411098277025,3.082204420215021,2.406347061781501,0.6758573584335199,73.23672170450091,-300.9999999999991
2021-03-19 13:10:00,2021-03-19 13:10:00,1535.09,1535.09,1529.8,1530.18,116.28025,-4.9099999999998545,1532.2160912634413,1531.574243869325,0.641847394116212,2.8812712061976526,2.5013318906647313,0.3799393155329214,50.134738439536626,-205.99999999999454
2021-03-19 13:15:00,2021-03-19 13:15:00,1530.31,1532.58,1530.03,1531.4,82.689,1.0900000000001455,1531.8080456317207,1531.524459906661,0.28358572505976554,2.7883318367398715,2.5587318798797596,0.22959995686011192,54.10387640683668,61.000000000001364
2021-03-19 13:20:00,2021-03-19 13:20:00,1531.36,1532.3,1528.88,1531.4,139.9644,0.040000000000190994,1531.6040228158604,1531.4888999333293,0.11512288253106817,2.683740230050944,2.5837335499139966,0.10000668013694725,54.10387640683668,73.49999999999
2021-03-19 13:25:00,2021-03-19 13:25:00,1531.56,1532.92,1530.8,1532.87,106.29152,1.3099999999999454,1532.2370114079301,1531.883499952378,0.3535114555520522,2.6884762620745732,2.604682092346112,0.08379416972846121,59.67330590667101,15.499999999997272
2021-03-19 13:30:00,2021-03-19 13:30:00,1532.85,1534.54,1530.0,1531.71,114.35246,-1.1399999999998727,1531.9735057039652,1531.833928537413,0.1395771665522716,2.569013309818729,2.5975483358406355,-0.028535026021906607,53.522995738831376,-283.9999999999918
2021-03-19 13:35:00,2021-03-19 13:35:00,1531.49,1532.9,1527.04,1527.19,115.40423,-4.2999999999999545,1529.5817528519826,1530.5070918124377,-0.9253389604550648,2.085570674178598,2.495152803508228,-0.40958212932963,36.11723237419545,-114.49999999999818
2021-03-19 13:40:00,2021-03-19 13:40:00,1527.18,1529.79,1527.18,1529.42,74.54481,2.240000000000009,1529.5008764259915,1530.1964941517413,-0.6956177257497984,1.8609296271768017,2.368308168241943,-0.5073785410651412,46.43093095267822,-94.00000000000546
2021-03-19 13:45:00,2021-03-19 13:45:00,1529.52,1530.19,1524.3,1525.31,86.52829,-4.210000000000036,1527.4054382129957,1528.8003529655293,-1.394914752533623,1.3358583837743936,2.161818211348433,-0.8259598275740396,34.21419384692841,-284.0000000000032
2021-03-19 13:50:00,2021-03-19 13:50:00,1525.59,1526.81,1523.35,1523.74,74.22666,-1.849999999999909,1525.572719106498,1527.354537832521,-1.7818187260229479,0.7840121573619854,1.8862570005511436,-1.1022448431891583,30.531731250189722,10.500000000001819
2021-03-19 13:55:00,2021-03-19 13:55:00,1523.91,1526.12,1523.84,1525.52,91.02779,1.6099999999999,1525.546359553249,1526.8303841660863,-1.2840246128373565,0.4847136932799003,1.605948339096895,-1.1212346458169946,39.40476445357514,-87.5
2021-03-19 14:00:00,2021-03-19 14:00:00,1525.52,1525.52,1518.33,1521.99,194.91079,-3.5299999999999727,1523.7681797766245,1525.4474172614903,-1.67923748486578,-0.036898649728072996,1.2773789413319014,-1.3142775910599744,30.219221181432772,-285.0000000000023
2021-03-19 14:05:00,2021-03-19 14:05:00,1521.99,1524.29,1519.82,1519.82,98.34482,-2.1700000000000728,1521.794089888312,1523.8395837582075,-2.045493869895381,-0.618254204509185,0.8982523121636842,-1.516506516672869,25.78524245153487,54.99999999999545
2021-03-19 14:10:00,2021-03-19 14:10:00,1519.89,1523.34,1517.0,1523.09,117.54103,3.199999999999818,1522.442044944156,1523.625416970148,-1.1833720259921847,-0.80583187045454,0.5574354756400395,-1.3632673460945794,41.347316850021485,210.00000000000227
2021-03-19 14:15:00,2021-03-19 14:15:00,1523.42,1526.13,1523.21,1524.02,71.29295,0.599999999999909,1523.231022472078,1523.7381549786774,-0.5071325065994188,-0.8694231258766649,0.27206375533669863,-1.1414868812133636,45.26440630129732,81.00000000000591
2021-03-19 14:20:00,2021-03-19 14:20:00,1523.6,1526.12,1523.28,1524.71,69.7023,1.1100000000001273,1523.9705112360389,1524.0158249847696,-0.04531374873067762,-0.8542946436475631,0.04679207553984627,-0.9010867191874095,48.33631546194705,99.00000000000091
2021-03-19 14:25:00,2021-03-19 14:25:00,1525.15,1526.71,1524.94,1526.0,49.23753,0.849999999999909,1524.9852556180194,1524.5827321319782,0.40252348604121835,-0.7298003097796482,-0.10852640152405263,-0.6212739082555956,54.11384375741693,98.50000000000136
2021-03-19 14:30:00,2021-03-19 14:30:00,1525.91,1527.87,1524.4,1526.68,67.86638,0.7699999999999818,1525.8326278090099,1525.1819515228417,0.6506762861681636,-0.5697001871221801,-0.20076115864367813,-0.3689390284785019,57.14532809147076,-90.49999999999727
2021-03-19 14:35:00,2021-03-19 14:35:00,1526.66,1527.24,1523.82,1524.19,90.90322,-2.4700000000000273,1525.011313904505,1524.8985368020299,0.11277710247509276,-0.6364057868961481,-0.2878900842941722,-0.34851570260197595,44.288443475882616,-318.5000000000059
2021-03-19 14:40:00,2021-03-19 14:40:00,1523.85,1523.97,1520.05,1520.31,152.76935,-3.5399999999999636,1522.6606569522523,1523.587526287164,-0.9268693349117711,-0.9909311908570544,-0.4284983056067486,-0.5624328852503058,31.17375968936412,19.499999999993634
2021-03-19 14:45:00,2021-03-19 14:45:00,1520.31,1526.43,1519.78,1524.58,98.83509,4.269999999999982,1523.6203284761261,1523.8710902051173,-0.250761728991165,-0.9167738157170788,-0.5261534076288147,-0.39062040808826415,50.522495310518075,287.00000000000045
2021-03-19 14:50:00,2021-03-19 14:50:00,1525.11,1527.92,1524.21,1526.05,75.32555,0.9400000000000546,1524.835164238063,1524.4936358607981,0.3415283772649218,-0.7309607860122469,-0.5671148833055011,-0.16384590270674582,55.67074585366083,-8.999999999991815
2021-03-19 14:55:00,2021-03-19 14:55:00,1525.83,1526.77,1523.16,1524.4,56.36233,-1.4299999999998363,1524.6175821190316,1524.466882757713,0.1506993613186296,-0.7086746711606793,-0.5954268408765367,-0.11324783028414254,48.827471162496764,-152.49999999999773
2021-03-19 15:00:00,2021-03-19 15:00:00,1524.11,1524.84,1521.33,1523.0,102.3229,-1.1099999999999,1523.808791059516,1524.0477733983664,-0.23898233885051923,-0.7948188869190744,-0.6353052500850442,-0.1595136368340302,43.39606120916025,-293.00000000000637
2021-03-19 15:05:00,2021-03-19 15:05:00,1523.01,1523.51,1518.36,1518.54,146.07986,-4.470000000000027,1521.174395529758,1522.474123855976,-1.2997283262179735,-1.209036504542837,-0.7500515009766028,-0.4589850035662343,30.44819981443044,-69.00000000000546
2021-03-19 15:10:00,2021-03-19 15:10:00,1518.61,1522.0,1517.62,1521.62,134.65551,3.009999999999991,1521.397197764879,1522.2300884685542,-0.8328907036752753,-1.2740897775581743,-0.8548591562929172,-0.4192306212652571,44.236095962492506,272.00000000000273
2021-03-19 15:15:00,2021-03-19 15:15:00,1521.82,1526.41,1520.73,1523.98,76.7322,2.160000000000082,1522.6885988824395,1522.7300631918245,-0.04146430938499179,-1.1222757917146282,-0.9083424833772594,-0.2139333083373688,52.833474456090975,308.0000000000041
2021-03-19 15:20:00,2021-03-19 15:20:00,1523.98,1527.78,1523.89,1527.78,71.05055,3.7999999999999545,1525.2342994412197,1524.1729022798745,1.0613971613452122,-0.6874098393675467,-0.864155954575317,0.17674611520777028,63.65926119365646,168.9999999999941
2021-03-19 15:25:00,2021-03-19 15:25:00,1527.84,1529.47,1527.04,1527.36,112.4399,-0.4800000000000182,1526.29714972061,1525.0835016284818,1.2136480921280963,-0.3723734397867702,-0.7657994516176077,0.3934260118308375,61.77859991340693,-113.49999999999909
2021-03-19 15:30:00,2021-03-19 15:30:00,1527.28,1528.73,1525.09,1525.51,62.9774,-1.7699999999999818,1525.903574860305,1525.2053583060583,0.6982165542467555,-0.268884825416535,-0.6664165263773931,0.3975317009608581,53.43458429563988,187.00000000000045
2021-03-19 15:35:00,2021-03-19 15:35:00,1525.48,1531.11,1525.36,1531.1,130.60594,5.619999999999891,1528.5017874301525,1526.8895416471844,1.6122457829681025,0.26118613826838555,-0.4808959934482374,0.742082131716623,68.74241837087061,167.999999999995
2021-03-19 15:40:00,2021-03-19 15:40:00,1531.11,1532.81,1528.2,1528.87,111.1619,-2.240000000000009,1528.6858937150762,1527.455386890846,1.2305068242301331,0.4956156837392882,-0.2855936580107323,0.7812093417500205,59.39532044340453,-142.49999999999545
2021-03-19 15:45:00,2021-03-19 15:45:00,1529.13,1529.99,1527.64,1528.25,82.56927,-0.8800000000001091,1528.4679468575382,1527.6824192077472,0.7855276497909927,0.6241788241081849,-0.10363916158694883,0.7278179856951338,56.81778663669624,17.50000000000682
2021-03-19 15:50:00,2021-03-19 15:50:00,1528.36,1530.76,1528.33,1529.22,69.30539,0.8600000000001273,1528.843973428769,1528.121728005534,0.7222454232351083,0.7951706996213943,0.07612281065471979,0.7190478889666745,60.070926007482555,166.9999999999959
2021-03-19 15:55:00,2021-03-19 15:55:00,1529.63,1531.59,1528.62,1531.59,77.47232,1.959999999999809,1530.2169867143843,1529.1126628610955,1.1043238532888608,1.1091367479623386,0.2827255981162436,0.8264111498460951,67.29483100843933,-13.999999999998636
2021-03-19 16:00:00,2021-03-19 16:00:00,1531.59,1533.49,1528.4,1528.94,128.89002,-2.6499999999998636,1529.5784933571922,1529.0633306150683,0.5151627421239482,1.1310857972553094,0.4523976379440568,0.6786881593112526,54.14987784883587,-201.99999999999818
2021-03-19 16:05:00,2021-03-19 16:05:00,1528.85,1529.36,1526.55,1527.55,60.08281,-1.2999999999999545,1528.5642466785962,1528.6309504393344,-0.06670376073816442,1.0245092883280904,0.5668199680208635,0.45768932030722687,48.22110676096652,-29.00000000000773
2021-03-19 16:10:00,2021-03-19 16:10:00,1527.61,1529.58,1527.59,1528.36,106.52277,0.75,1528.4621233392982,1528.5535360280958,-0.0914126887976181,0.9939492395865273,0.6522458223339963,0.34170341725253095,51.90351555536025,33.50000000000364
2021-03-19 16:15:00,2021-03-19 16:15:00,1528.54,1531.45,1527.87,1528.22,95.07108,-0.31999999999993634,1528.3410616696492,1528.4582400200684,-0.11717835041918079,0.9475110334260535,0.7112988645524078,0.2362121688736457,51.1490471693718,-91.99999999999591
2021-03-19 16:20:00,2021-03-19 16:20:00,1528.05,1529.04,1526.52,1526.52,55.69922,-1.5299999999999727,1527.4305308348246,1527.9044571571917,-0.47392632236710597,0.7647174413241373,0.7219825799067537,0.042734861417383585,42.20880198667669,-68.50000000000591
2021-03-19 16:25:00,2021-03-19 16:25:00,1526.43,1530.38,1525.1,1526.85,143.02773,0.4199999999998454,1527.1402654174121,1527.6031836837083,-0.4629182662961284,0.6391131461864461,0.7054086931626923,-0.06629554697624618,44.469735983939856,48.500000000001364
2021-03-19 16:30:00,2021-03-19 16:30:00,1526.97,1529.15,1526.36,1527.49,92.79485,0.5199999999999818,1527.3151327087062,1527.5708454883631,-0.25571277965696027,0.5844760130023587,0.6812221571306256,-0.09674614412826688,49.103768669062546,206.50000000000546
2021-03-19 16:35:00,2021-03-19 16:35:00,1527.57,1531.11,1527.57,1530.98,62.45308,3.410000000000082,1529.147566354353,1528.5448896345451,0.6026767198079597,0.8134130053736044,0.7076603267792214,0.10575267859438298,67.0804613368864,76.49999999999864
2021-03-19 16:40:00,2021-03-19 16:40:00,1530.99,1532.38,1527.58,1529.02,227.66211,-1.9700000000000273,1529.0837831771764,1528.6806354532466,0.4031477239298056,0.8271566546063696,0.7315595923446511,0.09559706226171849,54.18312302805389,-143.00000000000637
2021-03-19 16:45:00,2021-03-19 16:45:00,1529.02,1530.4,1527.64,1528.12,51.218,-0.900000000000091,1528.6018915885882,1528.5204538951762,0.08143769341199913,0.7567033124996669,0.7365883363756542,0.020114976124012696,48.992696169178856,37.999999999999545
2021-03-19 16:50:00,2021-03-19 16:50:00,1528.19,1529.78,1527.76,1529.78,54.47154,1.5899999999999181,1529.190945794294,1528.8803242108402,0.31062158345389435,0.8253030779430901,0.7543312846891415,0.07097179325394865,57.91561346384296,179.50000000000728
2021-03-19 16:55:00,2021-03-19 16:55:00,1529.78,1533.85,1529.65,1531.71,108.74773,1.9300000000000637,1530.450472897147,1529.688803007743,0.7616698894039473,1.0236042835986154,0.8081858844710362,0.2154183991275792,66.17186661889158,247.50000000000227
2021-03-19 17:00:00,2021-03-19 17:00:00,1531.79,1537.57,1531.79,1534.73,277.77182,2.9400000000000546,1532.5902364485735,1531.1291450055307,1.4610914430427329,1.408215150894648,0.9281917377557587,0.4800234131388894,75.27865087408958,-106.50000000000546
2021-03-19 17:05:00,2021-03-19 17:05:00,1535.0,1535.02,1527.76,1529.58,154.24162,-5.420000000000073,1531.0851182242868,1530.6865321468076,0.3985860774791945,1.2826742047489006,0.9990882311543872,0.28358597359451343,48.5388555712087,-212.5
2021-03-19 17:10:00,2021-03-19 17:10:00,1529.08,1530.48,1526.0,1530.48,107.80835,1.400000000000091,1530.7825591121434,1530.6275229620055,0.15503615013790295,1.24149341554903,1.0475692680333157,0.1939241475157143,52.1064831030699,384.0000000000032
2021-03-19 17:15:00,2021-03-19 17:15:00,1530.52,1537.57,1529.26,1537.26,214.82448,6.740000000000009,1534.0212795560717,1532.5225164014325,1.498763154639164,1.735935892209909,1.1852425928686345,0.5506932993412745,70.55809742590651,98.50000000000136
2021-03-19 17:20:00,2021-03-19 17:20:00,1537.35,1537.55,1530.44,1532.45,144.21079,-4.899999999999864,1533.2356397780359,1532.5017974295947,0.7338423484411578,1.719833150081513,1.2921607043112102,0.4276724457703027,53.13168896332813,-273.0000000000018
2021-03-19 17:25:00,2021-03-19 17:25:00,1532.48,1533.71,1531.5,1531.8,56.03023,-0.6800000000000637,1532.517819889018,1532.301283878282,0.21653601073603568,1.635765951546773,1.3608817537583229,0.2748841977884502,51.085670031641534,-143.5000000000059
2021-03-19 17:30:00,2021-03-19 17:30:00,1531.97,1533.07,1529.33,1529.58,172.83386,-2.3900000000001,1531.048909944509,1531.523774198773,-0.4748642542640482,1.374166112791272,1.3635386255649127,0.010627487226359422,44.12208452891339,-212.5
2021-03-19 17:35:00,2021-03-19 17:35:00,1529.59,1530.66,1527.12,1527.55,88.1589,-2.0399999999999636,1529.2994549722544,1530.3884101419808,-1.0889551697264324,0.9916116395461358,1.2891532283611573,-0.29754158881502146,38.38122454541537,-58.999999999991815
2021-03-19 17:40:00,2021-03-19 17:40:00,1527.46,1529.96,1527.46,1528.4,68.58209,0.9400000000000546,1528.8497274861272,1529.8202929585577,-0.9705654724305077,0.7483953241599011,1.181001647520906,-0.4326063233610049,42.16246946198997,273.50000000000136
2021-03-19 17:45:00,2021-03-19 17:45:00,1528.57,1533.25,1528.56,1533.02,97.52703,4.4500000000000455,1530.9348637430635,1530.7344949703984,0.2003687726651151,0.9178595178129854,1.1283732215793219,-0.2105137037663365,58.69471002254833,185.99999999999
2021-03-19 17:50:00,2021-03-19 17:50:00,1533.36,1533.66,1531.0,1532.12,128.65296,-1.240000000000009,1531.5274318715317,1531.1303535502843,0.3970783212473634,0.9683758003864114,1.0963737373407398,-0.12799793695432848,55.018403313587974,21.000000000003638
2021-03-19 17:55:00,2021-03-19 17:55:00,1532.05,1534.73,1531.65,1533.44,103.86209,1.3900000000001,1532.4837159357658,1531.7902525359173,0.6934633998484969,1.1022176080962254,1.0975425114918371,0.004675096604388251,59.484671593929505,3.5000000000081855
2021-03-19 18:00:00,2021-03-19 18:00:00,1533.61,1534.65,1532.19,1532.19,89.89166,-1.4199999999998454,1532.336857967883,1531.9044660970837,0.4323918707991652,1.0948034391158217,1.0969946970166342,-0.0021912579008125377,53.45347841727349,-143.5000000000059
2021-03-19 18:05:00,2021-03-19 18:05:00,1532.22,1533.3,1529.32,1530.57,101.12972,-1.650000000000091,1531.4534289839414,1531.5231900693454,-0.06976108540402493,0.9472874555654016,1.0670532487263877,-0.11976579316098612,46.172817651500374,5.999999999994543
2021-03-19 18:10:00,2021-03-19 18:10:00,1530.86,1533.13,1530.86,1532.31,65.06936,1.4500000000000455,1531.8817144919708,1531.7479929066753,0.1337215852954614,0.9597203749426626,1.0455866739696429,-0.08586629902698029,54.2112142728337,26.99999999999818
2021-03-19 18:15:00,2021-03-19 18:15:00,1532.35,1534.56,1530.85,1531.11,152.15186,-1.240000000000009,1531.4958572459855,1531.5657092190536,-0.06985197306812552,0.8627977861362979,1.0090288964029739,-0.146231110266676,48.24824527766175,-73.50000000000136
2021-03-19 18:20:00,2021-03-19 18:20:00,1531.37,1532.33,1529.05,1530.84,111.38046,-0.5299999999999727,1531.1679286229928,1531.3583637278955,-0.19043510490269,0.7554903699929127,0.9583211911209617,-0.20283082112804895,46.85666409792175,-23.499999999989996
2021-03-19 18:25:00,2021-03-19 18:25:00,1530.77,1531.74,1529.67,1530.64,93.18546,-0.12999999999988177,1530.9039643114966,1531.153116948497,-0.24915263700040668,0.6468536152369779,0.896027675944165,-0.24917406070718706,45.685407622260755,139.50000000000955
2021-03-19 18:30:00,2021-03-19 18:30:00,1530.77,1535.62,1530.77,1533.63,162.58411,2.8600000000001273,1532.2669821557483,1531.8607978203552,0.40618433539316356,0.7928863160379933,0.8753994039629307,-0.08251308792493739,62.50128316326589,-1.0000000000104592
2021-03-19 18:35:00,2021-03-19 18:35:00,1533.5,1534.03,1530.05,1530.62,106.60641,-2.880000000000109,1531.4434910778741,1531.5062841573965,-0.06279307952240742,0.6581496991038875,0.8319494629911222,-0.17379976388723462,45.48833571053902,-176.00000000001046
2021-03-19 18:40:00,2021-03-19 18:40:00,1530.78,1531.7,1528.2,1530.11,213.4784,-0.6700000000000728,1530.7767455389371,1531.1073458267117,-0.33060028777458683,0.5044027804335656,0.7664401264796109,-0.26203734604604534,43.10282542708815,-4.499999999995907
2021-03-19 18:45:00,2021-03-19 18:45:00,1530.2,1531.34,1529.19,1530.53,58.80933,0.32999999999992724,1530.6533727694687,1530.9423898762227,-0.289017106754045,0.41170188654177764,0.6954924784920443,-0.2837905919502667,45.90624889343379,114.50000000000955
2021-03-19 18:50:00,2021-03-19 18:50:00,1530.36,1534.47,1530.36,1532.4,80.61037,2.040000000000191,1531.5266863847344,1531.3588499115876,0.16783647314673544,0.48355501085370634,0.6531049849643767,-0.1695499741106704,57.178968211779186,73.50000000000136
2021-03-19 18:55:00,2021-03-19 18:55:00,1532.29,1533.27,1530.85,1532.0,53.62527,-0.2899999999999636,1531.7633431923673,1531.542035651134,0.2213075412332728,0.5024307633959779,0.622970140650697,-0.12053937725471908,54.27570317104462,-38.49999999999909
2021-03-19 19:00:00,2021-03-19 19:00:00,1532.01,1534.71,1531.63,1531.63,108.39138,-0.37999999999988177,1531.6966715961837,1531.5671683222386,0.12950327394514716,0.4819780821869699,0.5947717289579516,-0.11279364677098169,51.37991537338724,-94.500000000005
2021-03-19 19:05:00,2021-03-19 19:05:00,1531.94,1533.18,1529.42,1530.11,92.1595,-1.8300000000001546,1530.9033357980918,1531.1508345158845,-0.24749871779272326,0.33920771278167194,0.5436589257226957,-0.20445121294102375,40.680292862507734,-227.5000000000091
2021-03-19 19:10:00,2021-03-19 19:10:00,1529.91,1530.72,1523.97,1527.08,186.10495,-2.8300000000001546,1528.9916678990458,1529.9877389399176,-0.9960710408718114,-0.0182244309150974,0.43128225439513707,-0.44950668531023447,27.153784096188502,-210.49999999999045
2021-03-19 19:15:00,2021-03-19 19:15:00,1526.93,1526.93,1523.59,1525.9,96.201,-1.0299999999999727,1527.445833949523,1528.8198135285124,-1.3739795789895197,-0.39218722804616846,0.26658835790687596,-0.6587755859530444,23.501839877097737,125.0
2021-03-19 19:20:00,2021-03-19 19:20:00,1525.9,1530.66,1525.0,1529.58,80.7438,3.6799999999998363,1528.5129169747615,1529.0370096632232,-0.5240926884616783,-0.38714739983765867,0.13584120635796904,-0.5229886061956277,49.113722946195104,240.49999999999727
2021-03-19 19:25:00,2021-03-19 19:25:00,1529.53,1532.61,1529.43,1530.71,88.68591,1.1800000000000637,1529.6114584873808,1529.5150069023025,0.09645158507828455,-0.28864443016050245,0.05094407905427474,-0.3395885092147772,54.70203996961647,173.00000000000182
2021-03-19 19:30:00,2021-03-19 19:30:00,1530.55,1534.6,1530.55,1533.04,84.68002,2.490000000000009,1531.3257292436904,1530.5221477873588,0.8035814563315853,-0.022311397733574267,0.036292983696704945,-0.05860438143027921,64.38086168043475,-21.500000000003183
2021-03-19 19:35:00,2021-03-19 19:35:00,1533.1,1533.26,1530.0,1530.28,89.53692,-2.8199999999999363,1530.8028646218452,1530.4529627052561,0.34990191658903314,-0.03356259571569353,0.022321867814225252,-0.055884463529918785,49.38230124750036,10.000000000002274
2021-03-19 19:40:00,2021-03-19 19:40:00,1530.18,1534.19,1530.05,1533.24,109.84205,3.0599999999999454,1532.0214323109226,1531.249259075183,0.7721732357395013,0.19413019897911,0.0566835340472022,0.1374466649319078,61.057835335739874,160.00000000000227
2021-03-19 19:45:00,2021-03-19 19:45:00,1533.13,1534.36,1533.12,1533.48,53.59053,0.34999999999990905,1532.7507161554613,1531.8866136251308,0.8641025303304559,0.3894549788799395,0.12323782301374966,0.2662171558661899,61.91261906272713,-47.500000000002274
2021-03-19 19:50:00,2021-03-19 19:50:00,1533.74,1533.77,1531.11,1532.29,92.57395,-1.4500000000000455,1532.5203580777306,1532.0018668750936,0.5184912026370512,0.44312020553866205,0.18721429951873214,0.2559059060199299,54.76070695322577,8.500000000003638
2021-03-19 19:55:00,2021-03-19 19:55:00,1532.26,1533.65,1530.63,1533.65,80.95414,1.3900000000001,1533.0851790388654,1532.4727620536382,0.612416985227128,0.5886058366183988,0.2674926069386655,0.3211132296797333,60.94749308754848,25.99999999999909
2021-03-19 20:00:00,2021-03-19 20:00:00,1533.65,1535.67,1532.66,1532.81,189.07093,-0.8400000000001455,1532.9475895194328,1532.5691157525987,0.37847376683407674,0.6288739995825381,0.33976888546744,0.2891051141150981,55.33834290967162,80.99999999999454
2021-03-19 20:05:00,2021-03-19 20:05:00,1532.74,1536.99,1532.74,1535.27,142.17988,2.5299999999999727,1534.1087947597164,1533.3407969661419,0.7679977935745228,0.8494957910836547,0.44171426659068297,0.4077815244929717,66.25306387852874,44.500000000005
2021-03-19 20:10:00,2021-03-19 20:10:00,1535.27,1536.0,1532.69,1533.7,193.73442,-1.5699999999999363,1533.9043973798582,1533.443426404387,0.46097097547112753,0.8874245930733196,0.5308563318872104,0.3565682611861092,55.807818583885144,-75.99999999999909
2021-03-19 20:15:00,2021-03-19 20:15:00,1533.82,1534.09,1533.18,1533.75,38.18584,-0.06999999999993634,1533.827198689929,1533.5310188602766,0.2961798296523739,0.9110163941415976,0.6068883443380879,0.3041280498035097,56.07248625600436,-3.4999999999968168
2021-03-19 20:20:00,2021-03-19 20:20:00,1533.9,1534.32,1533.13,1533.63,27.272,-0.2699999999999818,1533.7285993449646,1533.5592991859119,0.16930015905268192,0.9095453961847397,0.6674197547074183,0.2421256414773214,55.121726571115566,-22.00000000000273
2021-03-19 20:25:00,2021-03-19 20:25:00,1534.0,1535.23,1533.3,1533.31,68.72622,-0.6900000000000546,1533.5192996724822,1533.4880708470798,0.031228825402422444,0.8725006496808874,0.7084359337021121,0.16406471597877526,52.28481066153956,-39.000000000010004
2021-03-19 20:30:00,2021-03-19 20:30:00,1533.56,1533.85,1532.06,1532.85,74.6156,-0.7100000000000364,1533.184649836241,1533.3057648907713,-0.12111505453026439,0.7968388038482317,0.7261165077313361,0.07072229611689562,48.021486555810775,8.000000000004093
2021-03-19 20:35:00,2021-03-19 20:35:00,1532.93,1535.18,1532.71,1533.47,86.54738,0.5399999999999636,1533.3273249181207,1533.3526892076939,-0.025364289573190035,0.7779374852743786,0.7364807032399446,0.041456782034433926,54.077827791056336,61.50000000000091
2021-03-19 20:40:00,2021-03-19 20:40:00,1533.15,1535.35,1532.89,1534.08,85.44933,0.9299999999998363,1533.7036624590603,1533.56049229121,0.1431701678502577,0.8029243441094422,0.7497694314138442,0.05315491269559802,59.6311430190678,0.9999999999990905
2021-03-19 20:45:00,2021-03-19 20:45:00,1534.33,1535.81,1532.7,1533.49,150.41585,-0.8399999999999181,1533.5968312295302,1533.5403516365786,0.0564795929515185,0.7662852808705338,0.7530726013051822,0.01321267956535166,52.29165577669516,123.50000000000136
2021-03-19 20:50:00,2021-03-19 20:50:00,1533.66,1536.62,1533.29,1536.55,89.51473,2.8899999999998727,1535.073415614765,1534.4002511689848,0.6731644457802304,0.972949430403105,0.7970479671247668,0.17590146327833822,72.98547315378738,140.49999999999727
2021-03-19 20:55:00,2021-03-19 20:55:00,1536.44,1537.0,1535.16,1536.3,75.39414,-0.14000000000010004,1535.6867078073824,1534.943036549275,0.7436712581074971,1.1038350241349235,0.8584053785267982,0.2454296456081253,70.0083556682928,195.00000000000455
2021-03-19 21:00:00,2021-03-19 21:00:00,1536.3,1542.4,1536.3,1540.45,258.36205,4.150000000000091,1538.0683539036913,1536.5164546780534,1.5518992256379534,1.5248555317691626,0.9916954091752711,0.5331601225938915,83.45332159486289,314.9999999999977
2021-03-19 21:05:00,2021-03-19 21:05:00,1540.44,1542.76,1538.5,1542.6,90.20298,2.1599999999998545,1540.3341769518456,1538.2546104843238,2.079566467521772,2.0088476043399623,1.1951258482082094,0.8137217561317529,87.05972655475449,131.4999999999941
2021-03-19 21:10:00,2021-03-19 21:10:00,1542.66,1546.64,1542.66,1543.08,225.16582,0.4199999999998454,1541.7070884759228,1539.6332932030884,2.0737952728343316,2.403441420692161,1.4367889627049997,0.9666524579871614,87.77363892373215,27.500000000009095
2021-03-19 21:15:00,2021-03-19 21:15:00,1543.54,1545.01,1542.34,1543.15,110.62887,-0.38999999999987267,1542.4285442379614,1540.6380665736347,1.7904776643267724,2.6907905198772823,1.6875892741394565,1.0032012457378259,87.8905522026599,-120.49999999999272
2021-03-19 21:20:00,2021-03-19 21:20:00,1543.45,1543.45,1539.46,1540.67,74.6497,-2.7799999999999727,1541.5492721189808,1540.647190409739,0.9020817092416564,2.687422543229104,1.8875559279573861,0.799866615271718,62.487135730783216,-777.0000000000095
2021-03-19 21:25:00,2021-03-19 21:25:00,1540.67,1540.77,1526.47,1527.61,395.84708,-13.060000000000173,1534.5796360594904,1536.922278864099,-2.3426428046086585,1.6123345553342006,1.832511653432749,-0.22017709809854846,22.107502822559326,-333.50000000000364
2021-03-19 21:30:00,2021-03-19 21:30:00,1528.0,1535.12,1526.9,1534.0,155.35252,6.0,1534.2898180297452,1536.0873420457851,-1.7975240160399153,1.2613985584896454,1.7182890344441284,-0.45689047595448296,43.53208739319575,226.50000000001
2021-03-19 21:35:00,2021-03-19 21:35:00,1533.86,1535.94,1532.14,1532.14,80.67078,-1.7199999999998,1533.2149090148728,1534.9595300327037,-1.744621017830923,0.8236977226883937,1.5393707720929815,-0.7156730494045878,39.71634225922513,-302.4999999999977
2021-03-19 21:40:00,2021-03-19 21:40:00,1532.09,1533.28,1525.03,1527.95,123.60115,-4.139999999999873,1530.5824545074365,1532.956807166217,-2.374352658780481,0.13713783455114026,1.2589241845846133,-1.121786350033473,32.10834833132307,-249.0000000000009
2021-03-19 21:45:00,2021-03-19 21:45:00,1527.89,1531.44,1526.8,1527.16,140.61291,-0.7300000000000182,1528.8712272537182,1531.300576547298,-2.4293492935798895,-0.4653479790554229,0.9140697518566061,-1.379417730912029,30.7745595121971,18.499999999994543
2021-03-19 21:50:00,2021-03-19 21:50:00,1527.34,1529.07,1525.95,1528.32,88.59808,0.9800000000000182,1528.5956136268592,1530.4489832480701,-1.853369621210959,-0.8395423004958502,0.5633473413861149,-1.402889641881965,35.495932914540006,142.49999999999545
2021-03-19 21:55:00,2021-03-19 21:55:00,1528.35,1531.99,1527.54,1530.01,69.2927,1.6600000000000819,1529.3028068134295,1530.3235594629073,-1.0207526494777994,-0.9883322412199504,0.2530114248649018,-1.2413436660848522,42.36784283760042,75.0
2021-03-19 22:00:00,2021-03-19 22:00:00,1529.75,1530.98,1527.47,1529.82,81.48073,0.06999999999993634,1529.5614034067148,1530.1796853306482,-0.6182819239334094,-1.1087992062746252,-0.019350701363003625,-1.0894485049116216,41.767530457189935,131.0000000000059
2021-03-19 22:05:00,2021-03-19 22:05:00,1529.38,1534.2,1528.16,1532.63,69.93845,3.25,1531.0957017033575,1530.8797752361775,0.21592646717999742,-0.966386723553569,-0.20875790580111672,-0.7576288177524523,53.46850250769828,175.0
2021-03-19 22:10:00,2021-03-19 22:10:00,1532.63,1533.41,1531.37,1533.32,30.15145,0.6899999999998272,1532.2078508516788,1531.5769823115552,0.6308685401236289,-0.7887543029196422,-0.32475718522482183,-0.4639971176948204,56.06953937321277,63.999999999998636
2021-03-19 22:15:00,2021-03-19 22:15:00,1533.39,1535.52,1533.31,1533.91,38.76959,0.5199999999999818,1533.0589254258393,1532.243558793968,0.8153666318712567,-0.5935294229025203,-0.37851163276036154,-0.21501779014215877,58.4525605867723,39.49999999999818
2021-03-19 22:20:00,2021-03-19 22:20:00,1533.9,1534.17,1533.05,1534.11,54.18488,0.209999999999809,1533.5844627129195,1532.7768277099772,0.8076350029423338,-0.41785717305560865,-0.386380740819411,-0.03147643223619767,59.34954883154159,56.49999999999409
2021-03-19 22:25:00,2021-03-19 22:25:00,1534.11,1535.04,1533.98,1535.04,38.70714,0.9300000000000637,1534.3122313564597,1533.4234483642695,0.8887829921902721,-0.20127228017781817,-0.34935904869109247,0.1480867685132743,63.72015891502707,19.500000000005002
2021-03-19 22:30:00,2021-03-19 22:30:00,1535.0,1535.04,1534.0,1534.5,65.1641,-0.5,1534.40611567823,1533.7310345459066,0.6750811323233847,-0.07236648341972796,-0.29396053563681956,0.2215940522170916,59.279253945546444,-25.99999999999909
2021-03-19 22:35:00,2021-03-19 22:35:00,1534.45,1534.8,1533.52,1534.52,43.18437,0.06999999999993634,1534.463057839115,1533.9564532470763,0.5066045920386841,0.031048217555280644,-0.22895878499839953,0.26000700255368014,59.40499719732593,75.49999999999955
2021-03-19 22:40:00,2021-03-19 22:40:00,1534.56,1536.65,1534.56,1536.01,79.33638,1.4500000000000455,1535.2365289195575,1534.5431808907688,0.693348028788705,0.230577704443931,-0.13705148710993345,0.3676291915538644,68.18727785931503,121.00000000000364
2021-03-19 22:45:00,2021-03-19 22:45:00,1536.07,1539.16,1534.98,1536.94,94.68198,0.8700000000001182,1536.0882644597787,1535.2279863505491,0.8602781092295118,0.45846459355084335,-0.017948270977778097,0.4764128645286214,72.62330047758905,-83.50000000000364
2021-03-19 22:50:00,2021-03-19 22:50:00,1536.87,1537.02,1534.19,1534.34,71.67634,-2.5299999999999727,1535.2141322298894,1534.9742759646779,0.2398562652115288,0.4243763773977207,0.07051665869732168,0.353859718700399,49.477496098823394,-83.00000000000409
2021-03-19 22:55:00,2021-03-19 22:55:00,1534.45,1536.07,1534.4,1535.28,78.03389,0.8299999999999272,1535.2470661149446,1535.0616256890557,0.18544042588882803,0.4678186424926025,0.14997705545637785,0.31784158703622467,55.61470813093222,-69.99999999999318
2021-03-19 23:00:00,2021-03-19 23:00:00,1535.28,1535.28,1532.67,1532.94,46.99954,-2.339999999999918,1534.0935330574723,1534.4554469207542,-0.36191386328187036,0.3098566719258997,0.1819529787502822,0.1279036931756175,40.80694160952218,-103.49999999999682
2021-03-19 23:05:00,2021-03-19 23:05:00,1533.15,1535.26,1532.13,1533.21,37.29749,0.05999999999994543,1533.651766528736,1534.099604943396,-0.4478384146598273,0.2041046246508813,0.18638330793040203,0.017721316720479274,42.91157805572896,-197.00000000000273
2021-03-19 23:10:00,2021-03-19 23:10:00,1533.21,1534.68,1529.0,1529.0,115.82016,-4.210000000000036,1531.325883264368,1532.6425749595685,-1.3166916952004613,-0.2169159779111851,0.10572345076208461,-0.3226394286732697,25.768352537068452,-54.500000000007276
2021-03-19 23:15:00,2021-03-19 23:15:00,1529.16,1533.04,1529.01,1532.12,129.78824,2.959999999999809,1531.7229416321838,1532.493267828263,-0.7703261960791679,-0.2954145585176775,0.02549584890613219,-0.3209104074238097,45.227848844251746,191.49999999999636
2021-03-19 23:20:00,2021-03-19 23:20:00,1532.28,1534.86,1531.93,1532.83,48.16192,0.5499999999999545,1532.276470816092,1532.5894770201878,-0.3130062040959274,-0.29691157114666566,-0.03898563510442738,-0.2579259360422383,48.886831099721896,42.000000000007276
2021-03-19 23:25:00,2021-03-19 23:25:00,1532.83,1534.49,1532.25,1532.96,27.36932,0.13000000000010914,1532.618235408046,1532.6953407287056,-0.07710532065948428,-0.28433046627037584,-0.08805460133761708,-0.19627586493275875,49.62621726411923,-45.499999999992724
2021-03-19 23:30:00,2021-03-19 23:30:00,1533.27,1533.27,1531.01,1531.92,49.05862,-1.349999999999909,1532.269117704023,1532.4738148062183,-0.2046971021952686,-0.354196204999198,-0.1412829220699333,-0.21291328292926473,43.57494622661747,-242.00000000000728
2021-03-19 23:35:00,2021-03-19 23:35:00,1531.61,1531.91,1526.87,1528.12,110.58493,-3.490000000000009,1530.1945588520116,1531.2298677187273,-1.0353088667156953,-0.708031798533284,-0.2546326973626034,-0.4533991011706806,28.394121349322575,-78.00000000000864
2021-03-19 23:40:00,2021-03-19 23:40:00,1528.09,1530.82,1528.09,1530.36,61.88994,2.269999999999982,1530.2772794260059,1530.9813340848052,-0.7040546587993504,-0.7984952202646127,-0.3634052019430053,-0.43509001832160743,42.55150063043145,-4.9999999999954525
2021-03-19 23:45:00,2021-03-19 23:45:00,1530.36,1530.36,1526.5,1528.02,84.76246,-2.339999999999918,1529.148639713003,1530.1352386320036,-0.9865989190006985,-1.0469381265186257,-0.5001117868581294,-0.5468263396604963,34.09994035077976,-56.99999999999363
2021-03-19 23:50:00,2021-03-19 23:50:00,1528.5,1529.5,1526.9,1529.22,34.05444,0.7200000000000273,1529.1843198565016,1529.8737418800024,-0.6894220235008106,-1.1339297125975918,-0.626875372006022,-0.5070543405915698,41.277446594731714,158.0000000000041
2021-03-19 23:55:00,2021-03-19 23:55:00,1529.25,1531.9,1529.25,1531.18,62.77811,1.9300000000000637,1530.1821599282507,1530.246958485716,-0.06479855746533758,-1.0328099613764152,-0.7080622898801007,-0.32474767149631456,51.60787899420147,-184.50000000000273
